{
    "roc_auc": 0.9500041978003526,
    "f1_score": 0.7222222222222222,
    "brier_score": 0.0526728125
}